frame.time_epoch,ip.src,ip.dst,ip.proto,frame.len
"1780035780.663274075","10.211.85.80","10.211.85.94","1","98"
"1780035781.660161335","10.211.85.80","10.211.85.94","1","98"
"1780035782.655549213","10.211.85.80","10.211.85.94","1","98"
"1780035783.685142629","10.211.85.80","10.211.85.94","1","98"
"1780035784.691725615","10.211.85.80","10.211.85.94","1","98"
"1780035785.695968234","10.211.85.80","10.211.85.94","1","98"
"1780035786.700160031","10.211.85.80","10.211.85.94","1","98"
"1780035787.711024181","10.211.85.80","10.211.85.94","1","98"
"1780035788.714688606","10.211.85.80","10.211.85.94","1","98"
"1780035789.717378578","10.211.85.80","10.211.85.94","1","98"
"1780035790.721682444","10.211.85.80","10.211.85.94","1","98"
"1780035792.145398358","10.211.85.80","10.211.85.94","1","98"
"1780035793.146114162","10.211.85.80","10.211.85.94","1","98"
"1780035794.153895475","10.211.85.80","10.211.85.94","1","98"
"1780035795.155164317","10.211.85.80","10.211.85.94","1","98"
"1780035796.190066403","10.211.85.80","10.211.85.94","1","98"
"1780035797.221795516","10.211.85.80","10.211.85.94","1","98"
"1780035798.260346881","10.211.85.80","10.211.85.94","1","98"
"1780035799.310433921","10.211.85.80","10.211.85.94","1","98"
"1780035800.335432162","10.211.85.80","10.211.85.94","1","98"
"1780035801.338422120","10.211.85.80","10.211.85.94","1","98"
"1780035802.344126596","10.211.85.80","10.211.85.94","1","98"
"1780035803.351131135","10.211.85.80","10.211.85.94","1","98"
"1780035804.368246059","10.211.85.80","10.211.85.94","1","98"
"1780035805.370980723","10.211.85.80","10.211.85.94","1","98"
"1780035806.372748777","10.211.85.80","10.211.85.94","1","98"
"1780035807.377957248","10.211.85.80","10.211.85.94","1","98"
"1780035808.413601225","10.211.85.80","10.211.85.94","1","98"
"1780035809.465188766","10.211.85.80","10.211.85.94","1","98"
"1780035810.476779702","10.211.85.80","10.211.85.94","1","98"
"1780035811.478679547","10.211.85.80","10.211.85.94","1","98"
"1780035812.482224954","10.211.85.80","10.211.85.94","1","98"
"1780035813.486405002","10.211.85.80","10.211.85.94","1","98"
"1780035814.489764607","10.211.85.80","10.211.85.94","1","98"
"1780035815.492758312","10.211.85.80","10.211.85.94","1","98"
"1780035816.494364328","10.211.85.80","10.211.85.94","1","98"
"1780035817.496427176","10.211.85.80","10.211.85.94","1","98"
"1780035818.509409314","10.211.85.80","10.211.85.94","1","98"
"1780035819.524889617","10.211.85.80","10.211.85.94","1","98"
"1780035820.522421393","10.211.85.80","10.211.85.94","1","98"
"1780035821.526890555","10.211.85.80","10.211.85.94","1","98"
"1780035822.530712848","10.211.85.80","10.211.85.94","1","98"
"1780035823.547993524","10.211.85.80","10.211.85.94","1","98"
"1780035824.541180074","10.211.85.80","10.211.85.94","1","98"
"1780035825.543436307","10.211.85.80","10.211.85.94","1","98"
"1780035826.549632172","10.211.85.80","10.211.85.94","1","98"
"1780035827.562622556","10.211.85.80","10.211.85.94","1","98"
"1780035828.569716377","10.211.85.80","10.211.85.94","1","98"
"1780035829.571548764","10.211.85.80","10.211.85.94","1","98"
"1780035830.621226275","10.211.85.80","10.211.85.94","1","98"
"1780035831.624429070","10.211.85.80","10.211.85.94","1","98"
"1780035832.631745496","10.211.85.80","10.211.85.94","1","98"
"1780035833.702218172","10.211.85.80","10.211.85.94","1","98"
"1780035835.272530801","10.211.85.80","10.211.85.94","1","98"
"1780035838.609629953","10.211.85.80","10.211.85.94","1","98"
"1780035839.620007927","10.211.85.80","10.211.85.94","1","98"
"1780035840.666097008","10.211.85.80","10.211.85.94","1","98"
"1780035841.677442592","10.211.85.80","10.211.85.94","1","98"
"1780035842.690771647","10.211.85.80","10.211.85.94","1","98"
"1780035843.699384275","10.211.85.80","10.211.85.94","1","98"
"1780035844.701620108","10.211.85.80","10.211.85.94","1","98"
"1780035845.706315493","10.211.85.80","10.211.85.94","1","98"
"1780035848.846495637","10.211.85.80","10.211.85.94","1","98"
"1780035849.850458214","10.211.85.80","10.211.85.94","1","98"
"1780035850.867358398","10.211.85.80","10.211.85.94","1","98"
"1780035851.895748558","10.211.85.80","10.211.85.94","1","98"
"1780035853.640439609","10.211.85.80","10.211.85.94","1","98"
"1780035854.645046844","10.211.85.80","10.211.85.94","1","98"
"1780035855.648870568","10.211.85.80","10.211.85.94","1","98"
"1780035856.656872626","10.211.85.80","10.211.85.94","1","98"
"1780035857.659272766","10.211.85.80","10.211.85.94","1","98"
"1780035858.675940303","10.211.85.80","10.211.85.94","1","98"
"1780035859.668715854","10.211.85.80","10.211.85.94","1","98"
"1780035860.678097664","10.211.85.80","10.211.85.94","1","98"
"1780035861.688941946","10.211.85.80","10.211.85.94","1","98"
"1780035862.696730456","10.211.85.80","10.211.85.94","1","98"
"1780035863.722323809","10.211.85.80","10.211.85.94","1","98"
"1780035864.791714747","10.211.85.80","10.211.85.94","1","98"
"1780035865.833766792","10.211.85.80","10.211.85.94","1","98"
"1780035866.859774259","10.211.85.80","10.211.85.94","1","98"
"1780035867.861814424","10.211.85.80","10.211.85.94","1","98"
"1780035868.864305115","10.211.85.80","10.211.85.94","1","98"
"1780035869.868083371","10.211.85.80","10.211.85.94","1","98"
"1780035870.871544141","10.211.85.80","10.211.85.94","1","98"
"1780035871.880343808","10.211.85.80","10.211.85.94","1","98"
"1780035872.893838369","10.211.85.80","10.211.85.94","1","98"
"1780035873.898014850","10.211.85.80","10.211.85.94","1","98"
"1780035874.905706886","10.211.85.80","10.211.85.94","1","98"
"1780035875.912469485","10.211.85.80","10.211.85.94","1","98"
"1780035876.926119107","10.211.85.80","10.211.85.94","1","98"
"1780035877.927261517","10.211.85.80","10.211.85.94","1","98"
"1780035878.928765144","10.211.85.80","10.211.85.94","1","98"
